{
  "scopeName": "source.rule",
  "name": "Jibo Rules",
  "fileTypes": [
    "rule",
    "nli",
    "grm"
  ],
  "patterns": [
    {
      "name": "comment.jibo-rule",
      "match": "((#).*\n$)"
    },
    {
      "name": "keyword.control.jibo-rule",
      "match": "(\\$[A-Za-z0-9\\*]*)"
    },
    {
      "name": "string.quoted.single.jibo-rule",
      "match": "'[^'|\\n]+'"
    },
    {
      "name": "keyword.operator.jibo-rule",
      "match": "(\\+|\\?|\\|)"
    },
    {
      "name": "variable.parameter.function.jibo-rule",
      "match": "(_[a-zA-Z0-9_]*)"
    },
    {
      "name": ".constant.character.escape.jibo-rule",
      "match": "\\\\'"
    }
  ]
}
